epoch,train_loss,train_accuracy,test_recall@1,test_recall@2,test_recall@4,test_recall@8
1,1.1366424339475916,50.32649253731343,30.144605040550232,46.4961051940918,73.52613806724548,89.87763524055481
2,1.0970103378171352,53.27425373134328,35.0389301776886,50.38931965827942,73.08119535446167,88.76529335975647
3,1.1025910096382028,51.91231343283582,33.03670585155487,51.83537006378174,77.97552347183228,93.43714714050293
4,1.1037359834162157,51.6884328358209,35.92880964279175,56.729698181152344,82.42491483688354,95.88431119918823
5,1.0924846155874766,53.26492537313433,33.81534814834595,51.94660425186157,75.97330212593079,91.99109673500061
